Shaft angular position,Wiper voltage
0,0
30,1.009058
60,2.00254
90,3.027401
120,4.025294
150,5.004877
180,6.01671
210,7.038282
240,8.076601
270,9.08684
300,10.015761
330,11.106765
360,12.11486